exception_id,control_id,control_name,tier,severity,column,key_value,observed_value,finding,remediation
DQX00019,DQ-007,RANGE_VIOLATION,TIER 2,HIGH,Climate Value,Mongolia,-3.54,"outside the declared range [0.0, 300.0]",Quarantine the row and refer it to the source owner; do not clip to the boundary.
DQX00020,DQ-007,RANGE_VIOLATION,TIER 2,HIGH,Property Price to Income Value,Niger,2746.0,"outside the declared range [0.0, 200.0]",Quarantine the row and refer it to the source owner; do not clip to the boundary.
DQX00021,DQ-007,RANGE_VIOLATION,TIER 2,HIGH,Property Price to Income Value,Papua New Guinea,450.4,"outside the declared range [0.0, 200.0]",Quarantine the row and refer it to the source owner; do not clip to the boundary.
DQX00022,DQ-007,RANGE_VIOLATION,TIER 2,HIGH,Property Price to Income Value,Rwanda,446.83,"outside the declared range [0.0, 200.0]",Quarantine the row and refer it to the source owner; do not clip to the boundary.
DQX00023,DQ-007,RANGE_VIOLATION,TIER 2,HIGH,Property Price to Income Value,Samoa,205.03,"outside the declared range [0.0, 200.0]",Quarantine the row and refer it to the source owner; do not clip to the boundary.
DQX00024,DQ-007,RANGE_VIOLATION,TIER 2,HIGH,Property Price to Income Value,Solomon Islands,1004.18,"outside the declared range [0.0, 200.0]",Quarantine the row and refer it to the source owner; do not clip to the boundary.
DQX00025,DQ-007,RANGE_VIOLATION,TIER 2,HIGH,Property Price to Income Value,Somalia,360.1,"outside the declared range [0.0, 200.0]",Quarantine the row and refer it to the source owner; do not clip to the boundary.
DQX00026,DQ-007,RANGE_VIOLATION,TIER 2,HIGH,Property Price to Income Value,Uganda,1075.92,"outside the declared range [0.0, 200.0]",Quarantine the row and refer it to the source owner; do not clip to the boundary.
DQX00033,DQ-010,PAIR_INCONSISTENCY,TIER 3,MEDIUM,Pollution Value,Tuvalu,Very Low,"category present, value missing (Pollution Value / Pollution Category)",Re-derive the category from the value using the published tier boundaries.
DQX00027,DQ-010,PAIR_INCONSISTENCY,TIER 3,MEDIUM,Property Price to Income Value,Kiribati,Very Low,"category present, value missing (Property Price to Income Value / Property Price to Income Category)",Re-derive the category from the value using the published tier boundaries.
DQX00034,DQ-010,PAIR_INCONSISTENCY,TIER 3,MEDIUM,Quality of Life Value,Rwanda,Very Low,"category present, value missing (Quality of Life Value / Quality of Life Category)",Re-derive the category from the value using the published tier boundaries.
DQX00035,DQ-010,PAIR_INCONSISTENCY,TIER 3,MEDIUM,Quality of Life Value,Tanzania,Very Low,"category present, value missing (Quality of Life Value / Quality of Life Category)",Re-derive the category from the value using the published tier boundaries.
DQX00036,DQ-010,PAIR_INCONSISTENCY,TIER 3,MEDIUM,Quality of Life Value,Uganda,Very Low,"category present, value missing (Quality of Life Value / Quality of Life Category)",Re-derive the category from the value using the published tier boundaries.
DQX00028,DQ-010,PAIR_INCONSISTENCY,TIER 3,MEDIUM,Traffic Commute Time Value,Liechtenstein,Very Low,"category present, value missing (Traffic Commute Time Value / Traffic Commute Time Category)",Re-derive the category from the value using the published tier boundaries.
DQX00029,DQ-010,PAIR_INCONSISTENCY,TIER 3,MEDIUM,Traffic Commute Time Value,Reunion,Very Low,"category present, value missing (Traffic Commute Time Value / Traffic Commute Time Category)",Re-derive the category from the value using the published tier boundaries.
DQX00030,DQ-010,PAIR_INCONSISTENCY,TIER 3,MEDIUM,Traffic Commute Time Value,Sint Maarten,Very Low,"category present, value missing (Traffic Commute Time Value / Traffic Commute Time Category)",Re-derive the category from the value using the published tier boundaries.
DQX00031,DQ-010,PAIR_INCONSISTENCY,TIER 3,MEDIUM,Traffic Commute Time Value,South Sudan,Very Low,"category present, value missing (Traffic Commute Time Value / Traffic Commute Time Category)",Re-derive the category from the value using the published tier boundaries.
DQX00032,DQ-010,PAIR_INCONSISTENCY,TIER 3,MEDIUM,Traffic Commute Time Value,Tuvalu,Very Low,"category present, value missing (Traffic Commute Time Value / Traffic Commute Time Category)",Re-derive the category from the value using the published tier boundaries.
DQX00008,DQ-005,REQUIRED_NULL,TIER 4,LOW,Climate Category,122 rows,,"122 of 236 values are null (51.7% of rows), optional field",Leave as NULL and document the coverage rate; do not fill.
DQX00007,DQ-005,REQUIRED_NULL,TIER 4,LOW,Climate Value,122 rows,,"122 of 236 values are null (51.7% of rows), required field",Leave as NULL and document the coverage rate; do not fill.
DQX00010,DQ-005,REQUIRED_NULL,TIER 4,LOW,Cost of Living Category,45 rows,,"45 of 236 values are null (19.1% of rows), optional field",Leave as NULL and document the coverage rate; do not fill.
DQX00009,DQ-005,REQUIRED_NULL,TIER 4,LOW,Cost of Living Value,45 rows,,"45 of 236 values are null (19.1% of rows), required field",Leave as NULL and document the coverage rate; do not fill.
DQX00006,DQ-005,REQUIRED_NULL,TIER 4,LOW,Health Care Category,15 rows,,"15 of 236 values are null (6.4% of rows), optional field",Leave as NULL and document the coverage rate; do not fill.
DQX00005,DQ-005,REQUIRED_NULL,TIER 4,LOW,Health Care Value,15 rows,,"15 of 236 values are null (6.4% of rows), required field",Leave as NULL and document the coverage rate; do not fill.
DQX00016,DQ-005,REQUIRED_NULL,TIER 4,LOW,Pollution Category,10 rows,,"10 of 236 values are null (4.2% of rows), optional field",Leave as NULL and document the coverage rate; do not fill.
DQX00015,DQ-005,REQUIRED_NULL,TIER 4,LOW,Pollution Value,11 rows,,"11 of 236 values are null (4.7% of rows), required field",Leave as NULL and document the coverage rate; do not fill.
DQX00012,DQ-005,REQUIRED_NULL,TIER 4,LOW,Property Price to Income Category,21 rows,,"21 of 236 values are null (8.9% of rows), optional field",Leave as NULL and document the coverage rate; do not fill.
DQX00011,DQ-005,REQUIRED_NULL,TIER 4,LOW,Property Price to Income Value,22 rows,,"22 of 236 values are null (9.3% of rows), required field",Leave as NULL and document the coverage rate; do not fill.
DQX00002,DQ-005,REQUIRED_NULL,TIER 4,LOW,Purchasing Power Category,46 rows,,"46 of 236 values are null (19.5% of rows), optional field",Leave as NULL and document the coverage rate; do not fill.
DQX00001,DQ-005,REQUIRED_NULL,TIER 4,LOW,Purchasing Power Value,46 rows,,"46 of 236 values are null (19.5% of rows), required field",Leave as NULL and document the coverage rate; do not fill.
DQX00018,DQ-005,REQUIRED_NULL,TIER 4,LOW,Quality of Life Category,122 rows,,"122 of 236 values are null (51.7% of rows), optional field",Leave as NULL and document the coverage rate; do not fill.
DQX00017,DQ-005,REQUIRED_NULL,TIER 4,LOW,Quality of Life Value,125 rows,,"125 of 236 values are null (53.0% of rows), required field",Leave as NULL and document the coverage rate; do not fill.
DQX00004,DQ-005,REQUIRED_NULL,TIER 4,LOW,Safety Category,2 rows,,"2 of 236 values are null (0.8% of rows), optional field",Leave as NULL and document the coverage rate; do not fill.
DQX00003,DQ-005,REQUIRED_NULL,TIER 4,LOW,Safety Value,2 rows,,"2 of 236 values are null (0.8% of rows), required field",Leave as NULL and document the coverage rate; do not fill.
DQX00014,DQ-005,REQUIRED_NULL,TIER 4,LOW,Traffic Commute Time Category,29 rows,,"29 of 236 values are null (12.3% of rows), optional field",Leave as NULL and document the coverage rate; do not fill.
DQX00013,DQ-005,REQUIRED_NULL,TIER 4,LOW,Traffic Commute Time Value,34 rows,,"34 of 236 values are null (14.4% of rows), required field",Leave as NULL and document the coverage rate; do not fill.
